﻿Designator,Footprint,Quantity,Value,LCSC Part #
J1,PinSocket_1x38_P2.54mm_Vertical,1,CART SLOT TOP ROW,
J2,PinSocket_1x36_P2.54mm_Vertical,1,CART SLOT BOTTOM ROW,
"J3, J4",Loopy_Makeshift_SpringContacts_M_THT_02x06,2,Conn_02x06_Counter_Clockwise,
J5,Loopy_Makeshift_9x5_P2.0mm_SpringContacts_Array_CARTBACK,1,Loopy_Cart_Side,
J6,Loopy_Makeshift_9x5_P2.0mm_SpringContacts_Array_CARTFRONT,1,Loopy_Cart_Side,
"J7, J8",Loopy_Makeshift_SpringContacts_F_SMD_Pad_02x06,2,Conn_02x06_Counter_Clockwise,
